{
  "cwd": "C:\\MAXY\\maxy-academy-2023\\Day 7",
  "type": [
    "web",
    "cordova"
  ],
  "name": "first-framework7-pandu",
  "framework": "core",
  "template": "tabs",
  "bundler": "vite",
  "cssPreProcessor": false,
  "theming": {
    "customColor": false,
    "color": "#007aff",
    "darkMode": false,
    "iconFonts": true
  },
  "customBuild": false,
  "pkg": "io.framework7.myapp",
  "cordova": {
    "folder": "cordova",
    "platforms": [
      "ios",
      "android"
    ],
    "plugins": [
      "cordova-plugin-statusbar",
      "cordova-plugin-keyboard",
      "cordova-plugin-splashscreen"
    ]
  }
}